insert into users(username, password) values
    ('admin', 'admin'),
    ('user', 'password'),
    ('1', '1');

insert into authors(name) values
    ('Petya'),
    ('Kolya'),
    ('Oleg'),
    ('Dasha');

insert into books(title) values
    ('About sea'),
    ('About Stalin'),
    ('About pigs'),
    ('About Witcher'),
    ('About ghosts'),
    ('About magic'),
    ('About cook');

insert into genres(description) values
    ('History'),
    ('Nature'),
    ('Mystic'),
    ('Legend'),
    ('Animals');

insert into comments(comment) values
    ('Comment 1'),
    ('Comment 2'),
    ('Comment 3'),
    ('Comment 4'),
    ('Comment 5'),
    ('Comment 6'),
    ('Comment 7');

insert into authors_books(id_author, id_book) values
    ((SELECT id FROM authors WHERE name = 'Petya'), (SELECT id FROM books WHERE title = 'About Stalin')),
    ((SELECT id FROM authors WHERE name = 'Petya'), (SELECT id FROM books WHERE title = 'About magic')),
    ((SELECT id FROM authors WHERE name = 'Kolya'), (SELECT id FROM books WHERE title = 'About sea')),
    ((SELECT id FROM authors WHERE name = 'Kolya'), (SELECT id FROM books WHERE title = 'About pigs')),
    ((SELECT id FROM authors WHERE name = 'Kolya'), (SELECT id FROM books WHERE title = 'About cook')),
    ((SELECT id FROM authors WHERE name = 'Oleg'), (SELECT id FROM books WHERE title = 'About ghosts')),
    ((SELECT id FROM authors WHERE name = 'Oleg'), (SELECT id FROM books WHERE title = 'About magic')),
    ((SELECT id FROM authors WHERE name = 'Oleg'), (SELECT id FROM books WHERE title = 'About cook')),
    ((SELECT id FROM authors WHERE name = 'Dasha'), (SELECT id FROM books WHERE title = 'About sea')),
    ((SELECT id FROM authors WHERE name = 'Dasha'), (SELECT id FROM books WHERE title = 'About Stalin')),
    ((SELECT id FROM authors WHERE name = 'Dasha'), (SELECT id FROM books WHERE title = 'About pigs')),
    ((SELECT id FROM authors WHERE name = 'Dasha'), (SELECT id FROM books WHERE title = 'About Witcher')),
    ((SELECT id FROM authors WHERE name = 'Dasha'), (SELECT id FROM books WHERE title = 'About ghosts')),
    ((SELECT id FROM authors WHERE name = 'Dasha'), (SELECT id FROM books WHERE title = 'About magic')),
    ((SELECT id FROM authors WHERE name = 'Dasha'), (SELECT id FROM books WHERE title = 'About cook'));

insert into books_genres(id_book, id_genre) values
    ((SELECT id FROM books WHERE title = 'About sea'), (SELECT id FROM genres WHERE description = 'History')),
    ((SELECT id FROM books WHERE title = 'About sea'), (SELECT id FROM genres WHERE description = 'Nature')),
    ((SELECT id FROM books WHERE title = 'About sea'), (SELECT id FROM genres WHERE description = 'Mystic')),
    ((SELECT id FROM books WHERE title = 'About sea'), (SELECT id FROM genres WHERE description = 'Legend')),
    ((SELECT id FROM books WHERE title = 'About sea'), (SELECT id FROM genres WHERE description = 'Animals')),
    ((SELECT id FROM books WHERE title = 'About Stalin'), (SELECT id FROM genres WHERE description = 'History')),
    ((SELECT id FROM books WHERE title = 'About pigs'), (SELECT id FROM genres WHERE description = 'Nature')),
    ((SELECT id FROM books WHERE title = 'About pigs'), (SELECT id FROM genres WHERE description = 'Animals')),
    ((SELECT id FROM books WHERE title = 'About Witcher'), (SELECT id FROM genres WHERE description = 'History')),
    ((SELECT id FROM books WHERE title = 'About Witcher'), (SELECT id FROM genres WHERE description = 'Mystic')),
    ((SELECT id FROM books WHERE title = 'About Witcher'), (SELECT id FROM genres WHERE description = 'Legend')),
    ((SELECT id FROM books WHERE title = 'About ghosts'), (SELECT id FROM genres WHERE description = 'Mystic')),
    ((SELECT id FROM books WHERE title = 'About ghosts'), (SELECT id FROM genres WHERE description = 'Legend')),
    ((SELECT id FROM books WHERE title = 'About magic'), (SELECT id FROM genres WHERE description = 'History')),
    ((SELECT id FROM books WHERE title = 'About magic'), (SELECT id FROM genres WHERE description = 'Mystic')),
    ((SELECT id FROM books WHERE title = 'About cook'), (SELECT id FROM genres WHERE description = 'Nature')),
    ((SELECT id FROM books WHERE title = 'About cook'), (SELECT id FROM genres WHERE description = 'Animals'));

insert into books_comments(id_book, id_comment) values
    ((SELECT id FROM books WHERE title = 'About sea'), (SELECT id FROM comments WHERE comment = 'Comment 1')),
    ((SELECT id FROM books WHERE title = 'About cook'), (SELECT id FROM comments WHERE comment = 'Comment 2')),
    ((SELECT id FROM books WHERE title = 'About magic'), (SELECT id FROM comments WHERE comment = 'Comment 3')),
    ((SELECT id FROM books WHERE title = 'About Witcher'), (SELECT id FROM comments WHERE comment = 'Comment 4')),
    ((SELECT id FROM books WHERE title = 'About Witcher'), (SELECT id FROM comments WHERE comment = 'Comment 5')),
    ((SELECT id FROM books WHERE title = 'About Witcher'), (SELECT id FROM comments WHERE comment = 'Comment 6')),
    ((SELECT id FROM books WHERE title = 'About sea'), (SELECT id FROM comments WHERE comment = 'Comment 7'));

INSERT INTO acl_sid (id, principal, sid) VALUES
(1, 1, 'admin'),
(2, 1, 'user'),
(3, 0, 'ROLE_WRITER');

INSERT INTO acl_class (id, class) VALUES
(1, 'homework3.domain.Author'),
(2, 'homework3.domain.Book'),
(3, 'homework3.domain.Comment'),
(4, 'homework3.domain.Genre');

INSERT INTO acl_object_identity (id, object_id_class, object_id_identity, parent_object, owner_sid, entries_inheriting) VALUES
(1, 1, (SELECT id FROM authors WHERE name = 'Petya'), NULL, 3, 0),
(2, 1, (SELECT id FROM authors WHERE name = 'Kolya'), NULL, 3, 0),
(3, 1, (SELECT id FROM authors WHERE name = 'Oleg'), NULL, 3, 0),
(4, 1, (SELECT id FROM authors WHERE name = 'Dasha'), NULL, 3, 0),
(5, 2, (SELECT id FROM books WHERE title = 'About sea'), NULL, 3, 0),
(6, 2, (SELECT id FROM books WHERE title = 'About Stalin'), NULL, 3, 0),
(7, 2, (SELECT id FROM books WHERE title = 'About pigs'), NULL, 3, 0),
(8, 2, (SELECT id FROM books WHERE title = 'About Witcher'), NULL, 3, 0),
(9, 2, (SELECT id FROM books WHERE title = 'About ghosts'), NULL, 3, 0),
(10, 2, (SELECT id FROM books WHERE title = 'About magic'), NULL, 3, 0),
(11, 2, (SELECT id FROM books WHERE title = 'About cook'), NULL, 3, 0),
(12, 3, (SELECT id FROM comments WHERE comment = 'Comment 1'), NULL, 3, 0),
(13, 3, (SELECT id FROM comments WHERE comment = 'Comment 2'), NULL, 3, 0),
(14, 3, (SELECT id FROM comments WHERE comment = 'Comment 3'), NULL, 3, 0),
(15, 3, (SELECT id FROM comments WHERE comment = 'Comment 4'), NULL, 3, 0),
(16, 3, (SELECT id FROM comments WHERE comment = 'Comment 5'), NULL, 3, 0),
(17, 3, (SELECT id FROM comments WHERE comment = 'Comment 6'), NULL, 3, 0),
(18, 3, (SELECT id FROM comments WHERE comment = 'Comment 7'), NULL, 3, 0),
(19, 4, (SELECT id FROM genres WHERE description = 'History'), NULL, 3, 0),
(20, 4, (SELECT id FROM genres WHERE description = 'Nature'), NULL, 3, 0),
(21, 4, (SELECT id FROM genres WHERE description = 'Mystic'), NULL, 3, 0),
(22, 4, (SELECT id FROM genres WHERE description = 'Legend'), NULL, 3, 0),
(23, 4, (SELECT id FROM genres WHERE description = 'Animals'), NULL, 3, 0);

INSERT INTO acl_entry (id, acl_object_identity, ace_order, sid, mask, granting, audit_success, audit_failure) VALUES
(1, 1, 1, 1, 1,     1, 1, 1),
(2, 1, 2, 1, 2, 1, 1, 1),
(3, 1, 3, 3, 1, 1, 1, 1),
(4, 1, 4, 3, 2, 1, 1, 1),
(5, 2, 1, 1, 1,     1, 1, 1),
(6, 2, 2, 1, 2, 1, 1, 1),
(7, 2, 3, 3, 1, 1, 1, 1),
(8, 2, 4, 3, 2, 1, 1, 1),
(9, 3, 1, 1, 1,     1, 1, 1),
(10, 3, 2, 1, 2, 1, 1, 1),
(11, 3, 3, 3, 1, 1, 1, 1),
(12, 3, 4, 3, 2, 1, 1, 1),
(13, 4, 1, 2, 1,     1, 1, 1),
(14, 4, 2, 1, 2, 1, 1, 1),
(15, 4, 3, 3, 1, 1, 1, 1),
(16, 4, 4, 3, 2, 1, 1, 1),
(17, 5, 1, 1, 1,     1, 1, 1),
(18, 5, 2, 1, 2, 1, 1, 1),
(19, 5, 3, 3, 1, 1, 1, 1),
(20, 5, 4, 3, 2, 1, 1, 1),
(21, 6, 1, 2, 1,     1, 1, 1),
(22, 6, 2, 1, 2, 1, 1, 1),
(23, 6, 3, 3, 1, 1, 1, 1),
(24, 6, 4, 3, 2, 1, 1, 1),
(25, 7, 1, 1, 1,     1, 1, 1),
(26, 7, 2, 1, 2, 1, 1, 1),
(27, 7, 3, 3, 1, 1, 1, 1),
(28, 7, 4, 3, 2, 1, 1, 1),
(29, 8, 1, 2, 1,     1, 1, 1),
(30, 8, 2, 1, 2, 1, 1, 1),
(31, 8, 3, 3, 1, 1, 1, 1),
(32, 8, 4, 3, 2, 1, 1, 1),
(33, 9, 1, 1, 1,     1, 1, 1),
(34, 9, 2, 1, 2, 1, 1, 1),
(35, 9, 3, 3, 1, 1, 1, 1),
(36, 9, 4, 3, 2, 1, 1, 1),
(37, 10, 1, 1, 1,     1, 1, 1),
(38, 10, 2, 1, 2, 1, 1, 1),
(39, 10, 3, 3, 1, 1, 1, 1),
(40, 10, 4, 3, 2, 1, 1, 1),
(41, 11, 1, 1, 1,     1, 1, 1),
(42, 11, 2, 1, 2, 1, 1, 1),
(43, 11, 3, 3, 1, 1, 1, 1),
(44, 11, 4, 3, 2, 1, 1, 1),
(45, 12, 1, 1, 1,     1, 1, 1),
(46, 12, 2, 1, 2, 1, 1, 1),
(47, 12, 3, 3, 1, 1, 1, 1),
(48, 12, 4, 3, 2, 1, 1, 1),
(49, 13, 1, 2, 1,     1, 1, 1),
(50, 13, 2, 1, 2, 1, 1, 1),
(51, 13, 3, 3, 1, 1, 1, 1),
(52, 13, 4, 3, 2, 1, 1, 1),
(53, 14, 1, 1, 1,     1, 1, 1),
(54, 14, 2, 1, 2, 1, 1, 1),
(55, 14, 3, 3, 1, 1, 1, 1),
(56, 14, 4, 3, 2, 1, 1, 1),
(57, 15, 1, 1, 1,     1, 1, 1),
(58, 15, 2, 1, 2, 1, 1, 1),
(59, 15, 3, 3, 1, 1, 1, 1),
(60, 15, 4, 3, 2, 1, 1, 1),
(61, 16, 1, 1, 1,     1, 1, 1),
(62, 16, 2, 1, 2, 1, 1, 1),
(63, 16, 3, 3, 1, 1, 1, 1),
(64, 16, 4, 3, 2, 1, 1, 1),
(65, 17, 1, 1, 1,     1, 1, 1),
(66, 17, 2, 1, 2, 1, 1, 1),
(67, 17, 3, 3, 1, 1, 1, 1),
(68, 17, 4, 3, 2, 1, 1, 1),
(69, 18, 1, 2, 1,     1, 1, 1),
(70, 18, 2, 1, 2, 1, 1, 1),
(71, 18, 3, 3, 1, 1, 1, 1),
(72, 18, 4, 3, 2, 1, 1, 1),
(73, 19, 1, 1, 1,     1, 1, 1),
(74, 19, 2, 1, 2, 1, 1, 1),
(75, 19, 3, 3, 1, 1, 1, 1),
(76, 19, 4, 3, 2, 1, 1, 1),
(77, 20, 1, 2, 1,     1, 1, 1),
(78, 20, 2, 1, 2, 1, 1, 1),
(79, 20, 3, 3, 1, 1, 1, 1),
(80, 20, 4, 3, 2, 1, 1, 1),
(81, 21, 1, 1, 1,     1, 1, 1),
(82, 21, 2, 1, 2, 1, 1, 1),
(83, 21, 3, 3, 1, 1, 1, 1),
(84, 21, 4, 3, 2, 1, 1, 1),
(85, 22, 1, 1, 1,     1, 1, 1),
(86, 22, 2, 1, 2, 1, 1, 1),
(87, 22, 3, 3, 1, 1, 1, 1),
(88, 22, 4, 3, 2, 1, 1, 1),
(89, 23, 1, 2, 1,     1, 1, 1),
(90, 23, 2, 1, 2, 1, 1, 1),
(91, 23, 3, 3, 1, 1, 1, 1),
(92, 23, 4, 3, 2, 1, 1, 1);
